{"cameraMode":{"drawMode":0,"name":"Shaded","section":"Shading Mode"},"sceneLighting":true,"audioPlay":false,"sceneViewState":{"m_AlwaysRefresh":false,"showFog":true,"showSkybox":true,"showFlares":true,"showImageEffects":true,"showParticleSystems":true,"showVisualEffectGraphs":true,"m_FxEnabled":true},"in2DMode":false,"pivot":{"x":-1.001409888267517,"y":0.6738660931587219,"z":-1.7019842863082886},"rotation":{"x":-0.0345882773399353,"y":-0.8916797041893005,"z":0.4460203945636749,"w":-0.06914937496185303},"size":0.18058428168296815,"orthographic":false}