{"cameraMode":{"drawMode":0,"name":"Shaded","section":"Shading Mode"},"sceneLighting":true,"audioPlay":false,"sceneViewState":{"m_AlwaysRefresh":false,"showFog":true,"showSkybox":true,"showFlares":true,"showImageEffects":true,"showParticleSystems":true,"showVisualEffectGraphs":true,"m_FxEnabled":true},"in2DMode":false,"pivot":{"x":-1.4287221431732178,"y":0.39364194869995119,"z":-1.8220468759536744},"rotation":{"x":0.1225140169262886,"y":-0.8766791820526123,"z":0.3484393358230591,"w":0.30824753642082217},"size":0.42942339181900027,"orthographic":false}