{"cameraMode":{"drawMode":0,"name":"Shaded","section":"Shading Mode"},"sceneLighting":true,"audioPlay":false,"sceneViewState":{"m_AlwaysRefresh":false,"showFog":true,"showSkybox":true,"showFlares":true,"showImageEffects":true,"showParticleSystems":true,"showVisualEffectGraphs":true,"m_FxEnabled":true},"in2DMode":false,"pivot":{"x":-1.7574975490570069,"y":0.22280311584472657,"z":-1.784818410873413},"rotation":{"x":0.36814257502555849,"y":-0.5583570599555969,"z":0.3027231693267822,"w":0.6790208220481873},"size":0.7472475171089172,"orthographic":false}